file_name,f0_mean,f0_sd,f0_max,f0_min,f0_range,f0_delta_mean,f0_delta_sd,spectral_tilt_mean,spectral_tilt_sd,syllable_duration_mean,syllable_duration_sd
denoised_concat_1.wav,0.26542377052516053,0.09722608455746162,0.2105446234185192,0.6597550929110834,0.15699158180455633,0.48545344278233005,0.11861905943706197,0.28762085749336963,0.8121813426880825,0.478639124933419,0.2873480987555874
denoised_concat_10.wav,0.24396040571348987,0.11729870114290697,0.1940858150913488,0.6448472313943032,0.14328887395378578,0.35432033332856866,0.12013035397646782,0.43142150293929793,0.5480915360839226,0.2230999214663294,0.15692301017099075
denoised_concat_11.wav,0.11650312457907286,0.16660114405555043,0.1718462098252126,0.34606446044393024,0.17059573017609916,0.28702864360557573,0.12279872899755118,0.478891970701653,0.5443628606711424,0.10129665256533926,0.16247406376436202
denoised_concat_12.wav,0.19394390875530187,0.3884593420815767,0.3242937793095223,0.4065162007400409,0.3102816455903714,0.26729316531397285,0.39812929947475434,0.4822060574992659,0.5691682430419542,0.27326404782304237,0.15159972529925136
denoised_concat_13.wav,0.1796150994652792,0.3439582604296853,0.33402506856431635,0.35204931399635075,0.3287900182206126,0.3786716855217113,0.2609341908777895,0.4863209438650863,0.4974441884995233,0.2516137136396983,0.10020118568011493
denoised_concat_14.wav,0.02311271736071152,0.055698193421262865,0.037962098068952566,0.22520053410350416,0.05906466645360134,0.4427019848518061,0.06911231274721746,0.5376271399627931,0.448289985999093,0.2644440033073143,0.16147225374045915
denoised_concat_15.wav,0.18326846190097745,0.24627591835007717,0.21995562515720724,0.18413344929440933,0.24444476756853215,0.4142332812154033,0.14809672978775856,0.5355738737178225,0.43251463594121997,0.3129069102805715,0.27370596328701524
denoised_concat_16.wav,0.2125212749750045,0.19868651738835125,0.16721039435718332,0.5267698500371636,0.1363285591735747,0.366352784801826,0.1652682272606824,0.4967549321342809,0.4397464559311459,0.4398047511299641,0.2638335250610683
denoised_concat_17.wav,0.3221573074150177,0.352977991673502,0.41742421154051945,0.48170017690443734,0.38932508278783895,0.5261329313378784,0.3982307188166108,0.5294790161117933,0.5605521930709623,0.1944214888870941,0.22854913742488436
denoised_concat_18.wav,0.28426520762911744,0.19639034923779491,0.2701667303630323,0.6115258856897134,0.2234419865301923,0.3126158693891241,0.23521377636931834,0.516747270245617,0.5418419862794379,0.21667139222303144,0.19705933242606288
denoised_concat_19.wav,0.07309307956580202,0.2028964996461355,0.06650867814571726,0.36110986159800396,0.06473274842075402,0.34081563228868345,0.16996911153909167,0.41129403834359657,0.5216793704841534,0.14313276421124743,0.07132040350556607
denoised_concat_2.wav,0.025429209377713757,0.10522493818046103,0.05867786143051179,0.30915501387065447,0.06559081285868071,0.36063897261413214,0.14356963583631926,0.08600257374587383,0.9343289918387377,0.14196423469272912,0.1436212085301607
denoised_concat_20.wav,0.14178181199783846,0.27423008182158864,0.20990045849673555,0.3586982389975115,0.20586833066721547,0.2660907728444637,0.31401165048719154,0.48031071367065425,0.5186830381237061,0.30477499504053873,0.3073848533470014
denoised_concat_21.wav,0.20082965005643194,0.2936271315749142,0.2375232509759092,0.36691023876467455,0.23162962445327576,0.10146166151433,0.25279782001871404,0.4742162831937584,0.5340414168814004,0.13520650681314017,0.13931635055259062
denoised_concat_22.wav,0.6045864999111334,0.6010688880384902,0.6505856562190341,0.47205044802461815,0.6197598749123197,0.250920000370066,0.4894897412510924,0.4477722544712638,0.48336161308268055,0.370666924430644,0.28222317144528464
denoised_concat_23.wav,0.2619471073238979,0.2013968113834515,0.22994790709762503,0.5099320726164862,0.20067439258881667,0.374127652915185,0.1015065992387027,0.498213940717249,0.5738278958746176,0.23305914943930905,0.13313041138095638
denoised_concat_24.wav,0.03168672658705196,0.06266210967968872,0.07558041009898642,0.48710347866018155,0.052916917872132735,0.34813731799297737,0.0456757258430211,0.48666084821185773,0.5108229640482125,0.15667426789031857,0.08072982150483188
denoised_concat_25.wav,0.5298977965122562,0.646763385519225,0.7398031075100596,0.7763899585339615,0.6572779449849273,0.19937742925761004,0.487145810119957,0.5151849078618026,0.4585044862544011,0.07114113770834807,0.025339677637403635
denoised_concat_26.wav,0.24326908513343848,0.40589216278049717,0.3771623441780124,0.2571455274608354,0.3867362310448106,0.5545477665882982,0.4073846369565232,0.46955307975860616,0.5682486639274476,0.2963055878314145,0.24522600277189344
denoised_concat_27.wav,0.3291121635842711,0.5302356966659156,0.5715877844496785,0.6504172706455069,0.5128909468603418,0.2674738281655942,0.39257165057339954,0.5163191310717071,0.5418839271103171,0.13399005714246792,0.10201185485225917
denoised_concat_28.wav,0.04344032172753409,0.0470332507277601,0.020372309629342777,0.4086069547504154,0.01163898854804038,0.5363245065753377,0.0654958659596005,0.4749676792283253,0.5242960867984015,0.33695996619837354,0.1958166399475758
denoised_concat_29.wav,0.0,0.0,0.0,0.3577927620109769,0.0,0.3887643082404466,0.0010042707552611607,0.4360203711554047,0.5103593928140273,0.28337301232621814,0.21908775423757265
denoised_concat_3.wav,0.19068325474510361,0.2850946263655419,0.18605264491814855,0.4124175725508721,0.17362752926559036,0.42460792201819086,0.2805034673869919,0.22606610149216588,0.8567762363015933,0.21743512552374922,0.2102397474159058
denoised_concat_30.wav,0.187366792102168,0.38728212304228143,0.32155241507011,0.3187650353608844,0.3220217339554782,0.8514451968820314,0.4610681030846307,0.5200785988811168,0.43200463663095456,0.34911729776528233,0.2235455746989552
denoised_concat_31.wav,0.2910769765103871,0.3708545691770562,0.4013535044651525,0.36651936455863154,0.3924932485489724,0.3852694410081175,0.39978987994922305,0.5326797339953542,0.44056072232223786,0.22131553551888472,0.15376275828034536
denoised_concat_32.wav,0.3790330072338637,0.3744002207487262,0.37816438607794745,0.8229387528117429,0.294674668888369,0.766542435191816,0.4854674812202134,0.43648602447164286,0.5198260157714854,0.17116587624668322,0.1314273652747998
denoised_concat_33.wav,0.5462069353813552,0.33568110634688025,0.40063187996484506,0.7851468646747839,0.32294140811084726,0.33000131648524417,0.21500275041936084,0.46164471096212234,0.4761377382974381,0.24824047666553195,0.2628207280282414
denoised_concat_34.wav,0.4371702872518932,0.47794365855007664,0.5774192618040798,0.595420185254453,0.5276588467963955,0.35494382553143705,0.2917062701829562,0.43946802816142794,0.6346515777479477,0.34675255329231525,0.28579859841212774
denoised_concat_35.wav,0.3153403816581055,0.29976483689603967,0.3510204680037926,0.5617703893895736,0.3109822296424575,0.30272750216327454,0.37976675038347246,0.4565839573221291,0.5544534050093763,0.23937259436750735,0.14504327889993207
denoised_concat_36.wav,0.2908182439799385,0.3121049406904168,0.3894288767466695,0.4503828521765656,0.36699782463425823,0.3268159558845205,0.3799784382305614,0.544301249683055,0.5461136944104161,0.2097760642230908,0.14799229862705254
denoised_concat_37.wav,0.4591070324490696,0.430949949689078,0.47524236983554713,0.6741873626671211,0.414418944183198,0.3604713205412039,0.4001829711887867,0.46177942678902506,0.5338131319241509,0.22052070260118573,0.12812044278443468
denoised_concat_38.wav,0.34575456283394845,0.4582586164082723,0.4155785046010835,0.4201325311974311,0.39763836158770094,0.4372743431413338,0.4525610620805149,0.4466219525875471,0.63211624808017,0.14865304606493868,0.06934663309968686
denoised_concat_39.wav,0.5324695450164796,0.572642711445752,0.6427342843085809,0.55436386529581,0.5985172604317603,0.5849385295331531,0.35163332479566184,0.5045691288392716,0.6406628816062954,0.343976821741689,0.3845356830709493
denoised_concat_4.wav,0.29970134604914467,0.4546760287237472,0.49910150986854995,0.3871787796875057,0.4850354321532442,0.5434939924218384,0.30561697584899844,0.0850025829198342,0.9469781459459573,0.11937031162538103,0.04940917555350338
denoised_concat_40.wav,0.532330874981203,0.5647155217152886,0.6059366171577029,0.49960681337760304,0.5714051941822097,0.4435238212191608,0.2776263645715405,0.6092069999880276,0.4324676390779918,0.33107328967289873,0.2768719396807148
denoised_concat_41.wav,0.32491263967674544,0.45959845309299124,0.4786984916167901,0.461493664081444,0.4527887445231421,0.36500032318511855,0.3450911025603082,0.5197724590362105,0.4304804833026177,0.5270941164043519,0.40781797129332686
denoised_concat_42.wav,0.1558902029780176,0.15064927966872516,0.17514963026701658,0.4841096941101801,0.15113640737886477,0.3554389826808245,0.0633884533296864,0.5965560727889505,0.40583029944243054,0.5594835148180637,0.5065896990803728
denoised_concat_43.wav,0.12760474696924295,0.33376605914865093,0.24027639168845905,0.0,0.29467045998712904,0.5249963174782095,0.4403853007339957,0.5441307698478914,0.5738772878015953,0.36648635426106213,0.3370591713554997
denoised_concat_44.wav,0.40022271246013474,0.31681523509761483,0.37948825989337787,0.5905526846393903,0.3341900915493181,0.2887050520751113,0.3196756714987044,0.4916564088937173,0.53325330247641,0.18122742156966276,0.20437944443182354
denoised_concat_45.wav,0.3898217849458605,0.34334022107109,0.3617284323027984,0.7462447932700358,0.2911551570064822,0.3233660016481129,0.2577227099613805,0.5103022132815485,0.5666798590677254,0.22526541874915496,0.31860398128764467
denoised_concat_46.wav,0.7343732060732793,0.5652359130726516,0.5802270446880143,0.8616509171473492,0.4866328668587242,0.8550210342209691,0.39832679445406943,0.5378581520966206,0.5371500947549848,0.2539662243175276,0.2832399326381543
denoised_concat_47.wav,0.4547104656329226,0.4223056734979534,0.4532224035451601,0.5826126098820232,0.40786588187735384,0.44294813690748047,0.2116162330155129,0.43008233642933935,0.5971632852308648,0.4264786224019821,0.43716410942361805
denoised_concat_48.wav,0.28389754948765145,0.2849789104735256,0.2731796331688382,0.43114412745127284,0.2560630478543745,0.3149950045958789,0.13438422602999234,0.6526836688400356,0.4540611954751863,0.36382657165376076,0.347247379235916
denoised_concat_49.wav,0.29695703380306115,0.5974648114933259,0.7735632612422173,0.508384065390302,0.7344872701532242,0.8963234647686142,0.5935061969648152,0.38489883512486445,0.6701361821453554,0.34266399070455256,0.2577439805053502
denoised_concat_5.wav,0.16947182966990582,0.378443235020901,0.32687000916020603,0.3939092985064252,0.3148834277329665,0.2822675286887976,0.4193462894914421,0.016963097999758148,0.9999999999999999,0.3752068589134183,0.30275843875197206
denoised_concat_50.wav,0.3257959211953778,0.2386577989324647,0.28712972270821313,0.5411102837927464,0.25167105020949354,0.17801290730888497,0.22288127035013033,0.5778036227537319,0.3755041878888429,0.41350806496924397,0.19592694896207796
denoised_concat_6.wav,0.07939814221842623,0.08200036202275557,0.09625255066431382,0.5703634432007068,0.05951446199910068,0.3384355129028186,0.08112545220382594,0.38893765023051075,0.7035548903559775,0.37894520194402914,0.25895637067922217
denoised_concat_7.wav,0.2445417163738508,0.21775492298240168,0.25738993413935185,0.6094608787561051,0.21124115661634266,0.3961994460942498,0.26744066630921265,0.5870076663473436,0.6374886586165097,0.1852774626735436,0.16519668764605677
denoised_concat_8.wav,0.15321950867480205,0.16877388155723255,0.23367951409422472,0.47989709167916805,0.2092762359950893,0.4586272329202696,0.05953192358865089,0.9900824753847703,0.02365357420214176,0.42212680995076846,0.235086176341886
denoised_concat_9.wav,0.2133604235826121,0.09889936011827405,0.1987534958010403,0.5067615468331037,0.17057848231242626,0.40519804291182326,0.035060445799231454,0.8651820054601982,0.4558346470307897,0.42776411293364913,0.1859863591672657
enhanced_concat_1.wav,0.2659278974210144,0.14840903707400094,0.20976460073564518,0.6630956442970288,0.15567663391528355,0.335170012864726,0.2164898588036948,0.42919421183257433,0.7640169437755077,0.2127428643971383,0.2471038236434383
enhanced_concat_10.wav,0.23151571866079834,0.10056000983650226,0.1843900929398109,0.615716262717962,0.13856313242779597,0.3199918406196248,0.1102857336826738,0.5032670018726011,0.4876346370619482,0.05496567022287957,0.1373740842013932
enhanced_concat_11.wav,0.12834984397425608,0.1881566247000826,0.17781308516369476,0.3418623576119808,0.17714325508727505,0.2839124582896596,0.16787934635516477,0.5498551015819656,0.5469693012650432,0.1374919577095558,0.2372224607730108
enhanced_concat_12.wav,0.15324886988656283,0.22366255242230942,0.2621146863575008,0.3618489112314909,0.2565984495151249,0.2567761100201474,0.22801216571630917,0.5422132170374654,0.49635019855887064,0.16841512252163104,0.14822601742146402
enhanced_concat_13.wav,0.16789955676256518,0.346178597326584,0.33481897315305276,0.32879175491186574,0.33339395613956013,0.3425227969166355,0.28985754380269674,0.5577191944832973,0.4795484887765189,0.11353856186937694,0.09359207062795938
enhanced_concat_14.wav,0.01748082470469403,0.0623931759588906,0.03878804037542183,0.23780599080437925,0.057802352979873156,0.4609682507659928,0.09722314956702338,0.583817889294213,0.47963971156719165,0.18191561444504267,0.17835939198985484
enhanced_concat_15.wav,0.17729738014660334,0.2092687791705416,0.2098091575772384,0.19709032408970417,0.2323552461524472,0.4095779742398722,0.11315168020382138,0.5915906752044405,0.4149916191967862,0.27532814318490884,0.34100244229284704
enhanced_concat_16.wav,0.20496572914585554,0.17573866476139283,0.1690328823483097,0.5115099063872357,0.1406268383036766,0.3672990638106004,0.12294171511113483,0.5443610291640872,0.42900905129332256,0.4667630879736089,0.28278776954473417
enhanced_concat_17.wav,0.35896073490317004,0.3626765464098551,0.4502862312807602,0.5877657181908607,0.40413659765011145,0.546509439907367,0.3358718180664288,0.5597079517351243,0.5267802934951482,0.22390305962678014,0.31018420278142944
enhanced_concat_18.wav,0.27390831186384035,0.1309847238604318,0.2483068650407737,0.6207291760688052,0.2004730481617136,0.3284078247277335,0.1501948534121652,0.5330806439732284,0.5659490900099601,0.19714835837878186,0.18406834751005452
enhanced_concat_19.wav,0.05652742355484741,0.1645866331148666,0.051837861691132026,0.32461577100161465,0.05633482354687788,0.3347465140495126,0.18774351815652635,0.509545990146547,0.5373688556936879,0.07357989673105947,0.1072856511308532
enhanced_concat_2.wav,0.03139399117536046,0.09799054250446243,0.0567055332010058,0.32740562352437586,0.060653648599184956,0.3633975824744892,0.1341487105209035,0.3084742652300386,0.8059971600932249,0.0790171707568984,0.1132099006497842
enhanced_concat_20.wav,0.12265086603859743,0.19016057187674834,0.1732333834603733,0.3537524168542081,0.1706929512220627,0.3521594484880438,0.16169441939507,0.5502824859362638,0.503147482568797,0.17755830193772515,0.27431757593945616
enhanced_concat_21.wav,0.18900207598022645,0.2679538995440965,0.24202654752558816,0.3635908187012262,0.2365954894643529,0.1402778252264541,0.21345054664778135,0.5506109128234389,0.5084492042253516,0.06622351161889972,0.1194542533679695
enhanced_concat_22.wav,0.5570902106019218,0.5221259100267992,0.5714962470064945,0.5052163183009828,0.5366794944727299,0.2420174210627065,0.5021320935970857,0.5589639451168684,0.42962265889784623,0.36076972396157014,0.34454693414373927
enhanced_concat_23.wav,0.24424001555549535,0.19336973671266294,0.2291932427028196,0.4785204579991471,0.20509935028142753,0.3749247747318036,0.09967228823855906,0.5700275167606009,0.5294959852612184,0.1957037364241334,0.2500048562275805
enhanced_concat_24.wav,0.031544967084236264,0.09033919015594383,0.08002401838115913,0.4753368675154488,0.05921334496499961,0.3460174931326729,0.05532051934678428,0.5332931357413422,0.5526364314153708,0.0,0.0
enhanced_concat_25.wav,0.501118185402714,0.5217205723164211,0.6560856319858112,0.8083498978342876,0.5698534349886779,0.0967630135141695,0.4343880624760586,0.5964260133809469,0.42768925685733605,0.2634856453629624,0.4733170680913933
enhanced_concat_26.wav,0.2178843205854739,0.2524293233405331,0.3444204701202279,0.3671831031168189,0.3365043402049446,0.5610981885802847,0.11963026988292103,0.5557906614853028,0.5022973295614732,0.3748339105924736,0.45137106402221117
enhanced_concat_27.wav,0.28884344070833423,0.40751624428124916,0.4410172943772742,0.5935589174362872,0.39408644345909705,0.23130967647005463,0.338623847941205,0.6024242311203917,0.4985333612204935,0.17494982571036233,0.22518805227105554
enhanced_concat_28.wav,0.03541718417603801,0.021805416813221123,0.013713189859071107,0.41149897694113236,0.004627469553390079,0.5328753233822722,0.08864757776751891,0.5026191689704804,0.49380166719397844,0.1834932327857406,0.20532873554443776
enhanced_concat_29.wav,0.005220326748964332,0.012358868258407818,0.00464530205190572,0.36489067968504596,0.0033921053641922105,0.360937404123828,0.0,0.47622711323787437,0.554866693555528,0.25357821907679257,0.2979733687201829
enhanced_concat_3.wav,0.1606932888183663,0.2672597596686716,0.18208539328514295,0.41401449559445336,0.16947105794073272,0.4270687082088608,0.28232015669113936,0.418342577229444,0.7095853473555057,0.21203685868558897,0.22332891822700762
enhanced_concat_30.wav,0.18826242061871223,0.3173215903700564,0.30819876245321887,0.3314369193271167,0.3068312283174981,0.3745879454245916,0.3852184973211003,0.5796330941982885,0.42507597018723975,0.7362259159468314,0.950362355213121
enhanced_concat_31.wav,0.1996047066765867,0.12269381297495258,0.11798818788807963,0.38396535064515014,0.11150127164284393,0.39203689146453463,0.061442543163636065,0.5344390000306136,0.4665041014363698,0.5397873314319916,0.5544275002186289
enhanced_concat_32.wav,0.34690627115121186,0.290929730167725,0.3452956439885938,0.7863486797900818,0.26843126984415433,0.5587534625836115,0.23857879343325356,0.5058558546168791,0.506564324184564,0.3719439296311593,0.4901712413539103
enhanced_concat_33.wav,0.5416276471269166,0.337816532076704,0.4056628545453199,0.7571747996418852,0.3324793325405143,0.38101606253445347,0.23472314838361957,0.5775821807307997,0.4134093000861372,0.3032934477413589,0.42316297871100506
enhanced_concat_34.wav,0.4015112669248293,0.4259297097741718,0.5173189163744861,0.5650618330707635,0.47366282668766013,0.3967725757918115,0.28433580227420435,0.5314496005119929,0.5566674691613628,0.365598552374258,0.4269691939674375
enhanced_concat_35.wav,0.3055345040348638,0.30686954215260037,0.32480151787740563,0.548429953469554,0.2874421813835917,0.2963317209190065,0.3727086777464817,0.5559204301097357,0.5495677268937643,0.32865966543060954,0.3856566511702122
enhanced_concat_36.wav,0.28740189650614956,0.3291203797971621,0.3842132166795399,0.4613180961850558,0.36008034781575105,0.3216666746616866,0.4584812659742548,0.6086711584084942,0.49929737793604534,0.24640887387649335,0.27342575914403766
enhanced_concat_37.wav,0.4473826203333695,0.3683248110917606,0.4458936252484974,0.6594577726460451,0.3880354509020689,0.3601950288451649,0.36444454907936213,0.5417043168608455,0.46838229097310746,0.48725350664079703,0.4738527346254984
enhanced_concat_38.wav,0.351596044521973,0.4126459152554263,0.4303632788998738,0.43308227770737995,0.4100200188362081,0.43473778803707275,0.35667058471596996,0.5605021696203608,0.578393402171072,0.07162357080675885,0.0918304458175907
enhanced_concat_39.wav,0.42966832804330424,0.48345906104734865,0.5820776273524378,0.5384566317251238,0.5415987248188364,0.6913685164743768,0.36455061500504365,0.5011677424273574,0.6000390278835835,0.304540659105639,0.3934714433192943
enhanced_concat_4.wav,0.23359619473671933,0.3218800250504182,0.253362172559642,0.341619549243783,0.25133459166262007,0.33290722738659534,0.32586889957869897,0.3516721978804057,0.7810244171942607,0.09051124101607544,0.057203113974328035
enhanced_concat_40.wav,0.5030042152121594,0.4965411303312948,0.5911249843606629,0.5612822942401285,0.546725007873841,0.44495008480163567,0.30382956338131123,0.6230495081711829,0.4795687762145011,0.48124164298577665,0.5387442318635581
enhanced_concat_41.wav,0.33445735428837775,0.4639241774036727,0.48404236913040954,0.4624776796616903,0.4578719366913987,0.33286980955948536,0.3639225915185644,0.5701623885708451,0.5128148359897663,0.700799587722583,0.9108282479777484
enhanced_concat_42.wav,0.1512265377278068,0.17024059075327053,0.19161047683701793,0.4936938880552115,0.16571659637861344,0.2908118630006181,0.1317793321739843,0.5988226239783225,0.44878455765001435,0.6335862384641628,0.5311846542065319
enhanced_concat_43.wav,0.16041660186719575,0.21873481233360198,0.2172084974952917,0.05472330220151056,0.2630300459271071,0.3967766566173337,0.21642459018222365,0.5697577344037418,0.5140673280676612,0.5720315342992783,0.8889828854762144
enhanced_concat_44.wav,0.3869621091040505,0.26371567573140625,0.3574318375820714,0.6400759821374158,0.3043975810121269,0.2774212093182818,0.23576279203822742,0.5701117812112504,0.4996483990341498,0.3790914435039796,0.6892507488876535
enhanced_concat_45.wav,0.3787716350091579,0.3261910454772023,0.3830799891589972,0.7941147289817385,0.30423946140744296,0.34435567461061567,0.22483215944520824,0.5904572541233873,0.472163948089374,0.30137930651070466,0.49583433581035974
enhanced_concat_46.wav,0.757286926257704,0.5485840429334903,0.5813986411861135,0.9454418684688428,0.4740033117192153,0.8852077069473623,0.2410407566511577,0.5953858561950858,0.46143184723652864,0.7607357395058238,1.0
enhanced_concat_47.wav,0.4063992347964007,0.4235914598309947,0.4464368127302608,0.554947906133191,0.40575530515754943,0.704521283413096,0.3496423977004041,0.49966616233400696,0.5447822455034631,0.43213385823968054,0.4822638500267685
enhanced_concat_48.wav,0.29752108300168834,0.2368389858881807,0.25503013222922666,0.41407678834359496,0.2410560532147454,0.2963052939319577,0.14982918928733657,0.6343334585459268,0.4576649428306453,0.28627219698836925,0.34840370543333077
enhanced_concat_49.wav,0.23928196146422231,0.4418006060578166,0.36084193959051525,0.48103191265866885,0.33389949636137906,1.0,0.518429199224512,0.4715827048396649,0.6271546338773106,0.34122857915961835,0.6783273857678193
enhanced_concat_5.wav,0.0958309903860437,0.15206617204089373,0.13352037883039314,0.34234236758188974,0.1335910391753801,0.4505735090320225,0.2305195137951332,0.28326957448334766,0.8221263533090389,0.22116298721875993,0.3192068745654303
enhanced_concat_50.wav,0.33299171190740995,0.22444820655601455,0.2886964740161103,0.5762032190361062,0.2474377599932814,0.1610337128250185,0.22757981867535054,0.5996968136273291,0.37888041840749775,0.4860989473093078,0.2808586933095405
enhanced_concat_6.wav,0.06886925984623993,0.07058580592440106,0.09086583015953376,0.5524347554352493,0.057175781871836556,0.35990017066682606,0.08735515836389823,0.4490794082726022,0.6408069352215299,0.27421569663040035,0.2527810977663707
enhanced_concat_7.wav,0.21837763959436884,0.15901098090224502,0.23223986417667464,0.5854166018906155,0.19051046756161036,0.3900040675451528,0.16402939341303768,0.6332063949218824,0.6387180675440762,0.15805313853385483,0.21627196707769825
enhanced_concat_8.wav,0.1487691128460351,0.17280415003078292,0.2452074549248905,0.42728704520498084,0.2292426630104116,0.3718573988666571,0.1190417796459835,1.0,0.0,0.16901235871976317,0.16091845037127384
enhanced_concat_9.wav,0.18812659159880418,0.08252958494032137,0.18630666088826875,0.4957891394941947,0.16016633714885667,0.4178755417533603,0.04409128737693857,0.8672232638932351,0.42410057240730736,0.10909052498151484,0.10779378459239425
original_concat_1.wav,0.5192327229828371,0.695493163296238,0.9122926885859447,0.7838153935048187,0.8253552993486222,0.0912511144712081,0.7091210332610804,0.1383279113301319,0.8472816750882409,0.2876112320672424,0.14545733177266562
original_concat_10.wav,0.2600802929257511,0.190549302166316,0.22432616393872973,0.6127660078918176,0.17824554545028,0.28182848640844693,0.19474349031032173,0.3635322308984402,0.5167920437128577,0.3791753950931167,0.19843949160294316
original_concat_11.wav,0.31883570284156293,0.7455731866398934,0.9044015858171356,0.3516568767350434,0.8886789350987934,0.5080094985727941,0.7964112795751319,0.4371235389158936,0.5859650354743031,0.26846256340121455,0.23068952317924507
original_concat_12.wav,0.3508297886440106,0.7658823994022954,0.9368924662401733,0.4364308410662483,0.906627590589314,0.27034313910177993,0.6419487118098999,0.46506733827894997,0.5833767486960747,0.2772586555727994,0.21061899904626324
original_concat_13.wav,0.24247572530972095,0.5038137173977273,0.38607677919180305,0.3869233498508553,0.3741436985560329,0.4821841052545879,0.5336739514481619,0.4582552087213564,0.5001926250325172,0.28074828738747715,0.08532627820059019
original_concat_14.wav,0.106296901039995,0.39999078141022343,0.19340127238832494,0.28264679124903846,0.2021810947845826,0.45302013909131017,0.4546091807783182,0.4628937728971013,0.4343034264538609,0.2142688926330807,0.18173250735182833
original_concat_15.wav,0.36533056410134246,0.7015947974453476,0.9089347212731166,0.30764304732617953,0.9003663092214904,0.45635725714470216,0.5812066805682026,0.47498222919140365,0.49478733960061616,0.35107918735255783,0.25434097708486847
original_concat_16.wav,0.4051461478466152,0.7011372232551318,0.930605842120689,0.5752973174515943,0.8776205880341963,0.11466248541146212,0.6842833183032735,0.4572693335963981,0.48126263279812465,0.5014697151265923,0.35314670369560885
original_concat_17.wav,0.46632021314180006,0.69185503114945,0.7666857567640876,0.45218155018841255,0.7369795419598991,0.4505462086626919,0.6249018031173748,0.3594934683411719,0.4576119141867734,0.27016529705890346,0.2378114679886414
original_concat_18.wav,0.31321364321274126,0.4174540885172741,0.4242244596833896,0.4388280811024603,0.4030498684931312,0.3075234774748081,0.4893582291384471,0.36287199128079617,0.5751075831431722,0.24559461791355353,0.18013944614614097
original_concat_19.wav,0.09291321801586871,0.2760734762858031,0.08809652896820608,0.36234411232381536,0.08571824417779941,0.34058442330837824,0.2619883484518964,0.3790384656147546,0.5152867774660871,0.1117096815839822,0.011882680155753778
original_concat_2.wav,0.057218243873409236,0.2800069279618839,0.09113839132343782,0.34137246219706263,0.09215263274590771,0.3634647480505207,0.27877959442824335,0.019485508104794658,0.8931186042899545,0.18494292815619517,0.14360669551544492
original_concat_20.wav,0.21833531924876537,0.4968808223065086,0.49625824552181064,0.3744618984417656,0.4843360684898351,0.29794873843567227,0.6124185245220914,0.4183374166915821,0.5258815841690921,0.3331475700831321,0.26375595428512155
original_concat_21.wav,0.17437450700128987,0.3311641707804281,0.24413143761101996,0.338574781915872,0.2427753420625053,0.10413902799077096,0.26186031092990386,0.41728153966406667,0.5612008679615152,0.1492741064858658,0.15246581479636623
original_concat_22.wav,0.6317255752259381,0.6325947386806623,0.7059387312989768,0.49880589193259883,0.6696889512217037,0.25118273488852905,0.5903476060959696,0.43033698132260045,0.45585361477839115,0.3338744558660831,0.22194717766761807
original_concat_23.wav,0.29214825234333675,0.3718427026855953,0.2730015233325974,0.5363572379945802,0.23858586825750452,0.3733220459503215,0.3638656158972074,0.4493855043330104,0.5796036657676422,0.1980855171174798,0.14951615262157547
original_concat_24.wav,0.07285279956174429,0.2609672944643188,0.09833257999698064,0.4879614746395724,0.0751070677911144,0.34618037310001043,0.3283328395559754,0.4286117710827949,0.499475303787719,0.13244123145784126,0.035776903847847374
original_concat_25.wav,0.5815196006186256,0.8243865152270342,0.8436812205509704,0.775692257904717,0.759349019049204,0.20386340600467226,0.578192826020236,0.4783123058794755,0.46664243740504563,0.19099839634327842,0.08656228241677227
original_concat_26.wav,0.2767618596875794,0.5283073106543101,0.44918593917685146,0.18407023686630986,0.4694446472316546,0.5562137954104471,0.5819492819845793,0.41684939659393516,0.5336665224961628,0.30430784334437266,0.2309737403701888
original_concat_27.wav,0.3807300448301367,0.6510788575562336,0.8055900910426393,0.6494711199394754,0.7427197355777418,0.2697149454911042,0.41661374973892734,0.45625933765074156,0.5360119112348449,0.12164279673475176,0.07500361330088778
original_concat_28.wav,0.05513958786148776,0.08593348061239786,0.020482644195544242,0.42034900271481135,0.009816294423692223,0.5348483744065706,0.11984775108647872,0.36510052611795407,0.4686233837738212,0.3456920530967218,0.1546896816763006
original_concat_29.wav,0.020151167638222223,0.12977738409051565,0.010152823623503338,0.3382094598235472,0.013185480189721516,0.3885473081652054,0.15155043583297728,0.39206964336381345,0.49588281995446903,0.36124021454643596,0.3123130533172914
original_concat_3.wav,0.2640564755960093,0.47073205428987014,0.5485963554034495,0.44135241413774295,0.5247057185560479,0.6667695364393105,0.6008960264635959,0.20431855917992447,0.8345587928036492,0.3540236670618746,0.28172207496013857
original_concat_30.wav,0.22006603504410038,0.4783046731077267,0.3584832349023611,0.32983242088289977,0.35644928373696294,0.7431889136686938,0.4452860541820736,0.5356473273935108,0.4309173133895182,0.4301573888243371,0.23284011761384737
original_concat_31.wav,0.24787635259824814,0.26679998480271166,0.18630137359790822,0.3634799558941175,0.18191947945811884,0.385345063109682,0.2935276177939596,0.4001386928296482,0.44656504123369867,0.2572847032549157,0.21879578933809452
original_concat_32.wav,0.39166685000179213,0.4074616514174177,0.4235277826531517,0.7880086648489191,0.344943104809872,0.7826176130808171,0.5292814724156132,0.33924663931205934,0.5493265118869471,0.3328341178894485,0.1719072772899033
original_concat_33.wav,0.4391454257517198,0.4454656500669249,0.39355829905622397,0.6475264466847426,0.3386304583268328,0.5923258330388947,0.2541940991607003,0.37805648465913777,0.48653339169095045,0.27266965631811924,0.2412784185681961
original_concat_34.wav,0.459139889905533,0.519435924277611,0.6149679968150995,0.6212134148199357,0.5602712054554343,0.35639044250314117,0.3476304897048585,0.4096019960919085,0.6294724399801571,0.3213450842973993,0.1774858965883679
original_concat_35.wav,0.20981154198401053,0.4056264864780113,0.328633462315126,0.527677776773813,0.29461594272900016,0.30846189053916523,0.3512454571376385,0.41552020644450005,0.5747215393765759,0.28701674236822616,0.1397176524388819
original_concat_36.wav,0.2570700197868987,0.47481757741146663,0.44741310437258386,0.4617945081196586,0.42203267234379716,0.6234626191209828,0.5069459168731019,0.4753614307941817,0.5458124338534722,0.3602894491447939,0.2552660409326042
original_concat_37.wav,0.47524522373499467,0.5712381456629438,0.7162584445134895,0.5324297823979345,0.6742882758616167,0.3616153318588843,0.5651706320639596,0.4010844767366565,0.5492350826593057,0.25511007907933547,0.1450559000447471
original_concat_38.wav,0.333868954583876,0.5207341825496186,0.4697003941462844,0.4337701627702173,0.448516262483202,0.03090720328952229,0.5552249884458034,0.36539551678740356,0.57665099587707,0.21021281776304135,0.18210078512285022
original_concat_39.wav,0.6392825571863019,0.7350214032485061,0.6760003735209069,0.5267769859760034,0.6357045973468839,0.627832130713246,0.5529463043649729,0.45127128246534953,0.6445780947448068,0.6306545871706117,0.36614962487845193
original_concat_4.wav,0.3910143424765886,0.6347842324443842,0.7877017708403603,0.44664124262571825,0.758517860663956,0.6086483454500042,0.6192966364274926,0.07496143298144675,0.9605803457093404,0.11205591352417166,0.08000015804861133
original_concat_40.wav,0.6058224511004415,0.7266743826168414,0.6523793642940804,0.5388087307171836,0.610541955595341,0.33981473966626907,0.32384102821128474,0.5266590983188799,0.36985996822899114,0.38002924285468076,0.27518653818997185
original_concat_41.wav,0.369273783598022,0.6018426181817242,0.5061987571513443,0.5279958520920998,0.4688439185670741,0.0,0.5080628138800454,0.4067499514733631,0.317725073430947,0.8838019567972955,0.6424237904854523
original_concat_42.wav,0.2306437577549898,0.4790712581871471,0.34021544513146906,0.5280382512613024,0.3059243751181864,0.339578649219038,0.44112055201887007,0.48118291925811185,0.3861089129153429,1.0,0.8020374075658993
original_concat_43.wav,0.4728071340099955,1.0,0.9999999999999999,0.2452951829997616,1.0,0.5562921957741231,1.0000000000000002,0.4405930628131496,0.5929865233190705,0.6978169300424981,0.5886760834177411
original_concat_44.wav,0.5650356823709997,0.6692003998207867,0.8379871315951509,0.7688754259224453,0.7548813049280616,0.029859834545366115,0.6397161819831352,0.4212049170247216,0.5787442530258335,0.47505098682874114,0.3912220737408325
original_concat_45.wav,0.4631610865144653,0.4373266665202347,0.4393923998312347,0.7532894624719186,0.3662238173434924,0.6310290509327148,0.38779367513405777,0.4109431118323217,0.5006255247924195,0.3446157245400001,0.29590067414882726
original_concat_46.wav,1.0,0.7299861462990715,0.872869330457465,1.0,0.7511095852511968,0.5207444037754008,0.429533445152013,0.4731779223186201,0.5012061101826885,0.5827910223614292,0.5852153536347829
original_concat_47.wav,0.49065672669127847,0.47694591113800283,0.45485137385824725,0.5947837425066416,0.40746316502927216,0.6741723823573008,0.32384505991420326,0.37532531917332346,0.5346424494084501,0.6727871887387211,0.5221434092436854
original_concat_48.wav,0.3751476961283824,0.55103983764234,0.48556679780993217,0.34918020159837937,0.47800000735489523,0.35954739236621935,0.4278228161959728,0.45569822749453304,0.40006407825691237,0.21642085234502195,0.191217924236459
original_concat_49.wav,0.35589860930374995,0.7223476135013804,0.8563018898925635,0.5021271651451635,0.8167241606524926,0.883584125937211,0.674475340727033,0.3679117815665889,0.6775775061535046,0.5223924295378453,0.3683902132086192
original_concat_5.wav,0.22585697173597574,0.5195151529812461,0.6871511819034634,0.429376973668274,0.6626666081550197,0.06449536237251435,0.6113536915166216,0.0,0.9938871206297318,0.3507382060305513,0.20039709281304496
original_concat_50.wav,0.35744781639854684,0.30176808316524845,0.33536573232230593,0.642655806095032,0.2823154515922053,0.17593015850911456,0.2870469976150097,0.4791281773324504,0.38371653050544174,0.38184186196434955,0.11810969951919115
original_concat_6.wav,0.13251278665290855,0.3060024928261444,0.1851568186690854,0.5759571792297136,0.14585408078578135,0.06606355338828307,0.4491249169747202,0.3536992396136436,0.6545643153712031,0.27342201737954075,0.1986317472842869
original_concat_7.wav,0.22894071417618234,0.23338530723313206,0.2667708374793084,0.592604408945546,0.2232205679117575,0.403132306349259,0.24699944711141247,0.5068952367405105,0.6917244035566209,0.2496470994939357,0.22272123890988282
original_concat_8.wav,0.1494600676612221,0.1618689381166069,0.23353894109580264,0.4845660700035683,0.20837044710006344,0.49912752063251714,0.05871146924066045,0.9787275379139266,0.012668246851058051,0.40246077467478103,0.24168997224116373
original_concat_9.wav,0.21300927108191559,0.13717454241541988,0.19898394260593688,0.5042859552568051,0.1712117784361393,0.40549678738694533,0.06447487176244432,0.8423460490794563,0.5046014453224495,0.48611520350469495,0.18437853473066745
